layer,canonical_name,scope,site_surface,status
L0,WisdomCore,Human wisdom and foundational/meta governance,WisdomCore,Proposed
L1,WisdomNetwork,Identity connection media interaction,Wisdom Divan / WisdomCore,Proposed
L2,WisdomChain,Trust ownership value transactions digital assets,Wisdom Divan / WisdomCore,Proposed
L3,WisdomTreasury,Resources and capital allocation,Wisdom Divan / WisdomCore,Proposed
L4,WisdomKnowledge,Knowledge science technology data AI education research innovation,Wisdom Divan / WisdomCore,Proposed
L5,WisdomGuard,Protection and resilience,Wisdom Divan / WisdomCore,Proposed
L6,Governance & Justice,Participation law accountability justice decision-making,Wisdom Divan / WisdomCore,Proposed
L7,Life & Health,Life health food culture vital services,Wisdom Divan / WisdomCore,Proposed
L8,Existence & Time,Earth nature cosmos time future civilization,Cosmic Realm / Wisdom Divan / WisdomCore,Proposed
